side	offset	formatted	type_name	target_symbol	addend
left	8	lis r3, lbl_80300368@ha	R_PPC_ADDR16_HA	2	
left	20	addi r31, r3, lbl_80300368@l	R_PPC_ADDR16_LO	2	
left	24	addi r26, r31, 0x8	R_PPC_NONE	2	8
left	32	lwz r0, 0x40(r31)	R_PPC_NONE	2	64
left	44	lwzx r7, r26, r6	R_PPC_NONE	2	8
left	56	lwzx r5, r26, r6	R_PPC_NONE	2	8
left	60	lis r3, lbl_80300368@ha	R_PPC_ADDR16_HA	2	
left	68	addi r4, r3, lbl_80300368@l	R_PPC_ADDR16_LO	2	
left	76	stwx r0, r26, r6	R_PPC_NONE	2	8
left	80	lwz r0, 0x40(r31)	R_PPC_NONE	2	64
left	88	lwzx r0, r4, r5	R_PPC_NONE	2	
left	132	lwz r3, lbl_8064C500@sda21	R_PPC_EMB_SDA21	3	
left	136	stwx r0, r4, r5	R_PPC_NONE	2	
left	148	lwz r0, 0x40(r31)	R_PPC_NONE	2	64
left	156	add r5, r4, r26	R_PPC_NONE	2	
left	160	lwz r4, 0xc(r5)	R_PPC_NONE	2	12
left	164	lwz r5, 0x10(r5)	R_PPC_NONE	2	16
left	168	bl fn_801E6CA0	R_PPC_REL24	4	
left	172	lis r4, lbl_80300368@ha	R_PPC_ADDR16_HA	2	
left	180	addi r0, r4, lbl_80300368@l	R_PPC_ADDR16_LO	2	
left	184	add r4, r0, r26	R_PPC_NONE	2	
left	188	lwz r4, 0x4(r4)	R_PPC_NONE	2	4
left	192	bl fn_80027730	R_PPC_REL24	5	
left	240	lwz r3, lbl_8064C4E4@sda21	R_PPC_EMB_SDA21	6	
left	252	bl fn_801290D0	R_PPC_REL24	7	
left	260	lwz r3, lbl_8064C4E4@sda21	R_PPC_EMB_SDA21	6	
left	264	bl fn_80128F74	R_PPC_REL24	8	
left	272	bl fn_801A5C30	R_PPC_REL24	9	
left	288	bl fn_801F8620	R_PPC_REL24	10	
left	296	bl fn_801FA410	R_PPC_REL24	11	
left	300	lis r3, lbl_8063CD18@ha	R_PPC_ADDR16_HA	12	
left	304	lfs f1, lbl_8064DFF0@sda21	R_PPC_EMB_SDA21	13	
left	308	addi r3, r3, lbl_8063CD18@l	R_PPC_ADDR16_LO	12	
left	312	addi r27, r3, 0x550	R_PPC_NONE	12	1360
left	316	mr r3, r27	R_PPC_NONE	12	1360
left	320	bl fn_801F7208	R_PPC_REL24	14	
left	324	lis r3, lbl_8063C6B8@ha	R_PPC_ADDR16_HA	15	
left	328	lfs f1, lbl_8064DFF0@sda21	R_PPC_EMB_SDA21	13	
left	332	addi r3, r3, lbl_8063C6B8@l	R_PPC_ADDR16_LO	15	
left	336	addi r3, r3, 0x550	R_PPC_NONE	15	1360
left	340	bl fn_801F7208	R_PPC_REL24	14	
left	344	lwz r0, 0x40(r31)	R_PPC_NONE	2	64
left	348	lis r3, lbl_80300368@ha	R_PPC_ADDR16_HA	2	
left	352	addi r4, r3, lbl_80300368@l	R_PPC_ADDR16_LO	2	
left	356	lwz r3, lbl_8064C4E4@sda21	R_PPC_EMB_SDA21	6	
left	364	addi r29, r4, 0x18	R_PPC_NONE	2	24
left	368	addi r28, r4, 0x14	R_PPC_NONE	2	20
left	372	lwzx r0, r29, r5	R_PPC_NONE	2	24
left	376	lwzx r4, r28, r5	R_PPC_NONE	2	20
left	384	bl fn_801FBEF0	R_PPC_REL24	16	
left	396	lwz r0, 0x40(r31)	R_PPC_NONE	2	64
left	400	lwz r3, lbl_8064C4E4@sda21	R_PPC_EMB_SDA21	6	
left	408	lfs f1, lbl_8064DFF4@sda21	R_PPC_EMB_SDA21	17	
left	412	lwzx r0, r29, r4	R_PPC_NONE	2	24
left	416	lwzx r4, r28, r4	R_PPC_NONE	2	20
left	424	bl fn_801FC034	R_PPC_REL24	18	
left	436	lwz r0, 0x40(r31)	R_PPC_NONE	2	64
left	448	lwzx r0, r29, r3	R_PPC_NONE	2	24
left	456	stwx r0, r29, r3	R_PPC_NONE	2	24
left	460	lwz r0, 0x40(r31)	R_PPC_NONE	2	64
left	468	lwzx r0, r29, r3	R_PPC_NONE	2	24
left	476	stwx r0, r29, r3	R_PPC_NONE	2	24
left	480	lwz r0, 0x40(r31)	R_PPC_NONE	2	64
left	488	lwzx r0, r29, r0	R_PPC_NONE	2	24
left	504	bl fn_80046D38	R_PPC_REL24	19	
left	508	lwz r0, 0x40(r31)	R_PPC_NONE	2	64
left	520	lwzx r0, r29, r3	R_PPC_NONE	2	24
left	524	lwzx r3, r28, r3	R_PPC_NONE	2	20
left	532	bl fn_800289A4	R_PPC_REL24	20	
left	544	lwz r0, 0x40(r31)	R_PPC_NONE	2	64
left	556	lwzx r0, r29, r3	R_PPC_NONE	2	24
left	564	stwx r0, r29, r3	R_PPC_NONE	2	24
left	568	lwz r3, 0x40(r31)	R_PPC_NONE	2	64
left	576	mr r4, r27	R_PPC_NONE	12	1360
left	600	lwzx r0, r29, r3	R_PPC_NONE	2	24
left	608	lwzx r3, r28, r3	R_PPC_NONE	2	20
left	620	bl fn_801FA198	R_PPC_REL24	21	
left	624	lwz r0, 0x40(r31)	R_PPC_NONE	2	64
left	628	lis r3, lbl_80300368@ha	R_PPC_ADDR16_HA	2	
left	632	addi r3, r3, lbl_80300368@l	R_PPC_ADDR16_LO	2	
left	640	add r3, r3, r0	R_PPC_NONE	2	
left	644	lwz r0, 0x10(r3)	R_PPC_NONE	2	16
left	656	lwz r6, 0x4(r3)	R_PPC_NONE	2	4
left	684	bl fn_8011E310	R_PPC_REL24	22	
left	688	lwz r0, 0x40(r31)	R_PPC_NONE	2	64
left	700	stwx r3, r26, r0	R_PPC_NONE	2	8
left	708	lwz r6, 0x4(r3)	R_PPC_NONE	2	4
left	736	bl fn_8011E310	R_PPC_REL24	22	
left	744	add r5, r4, r5	R_PPC_NONE	2	
left	748	lwz r3, lbl_8064C500@sda21	R_PPC_EMB_SDA21	3	
left	752	lwz r4, 0xc(r5)	R_PPC_NONE	2	12
left	760	lwz r5, 0x10(r5)	R_PPC_NONE	2	16
left	768	bl fn_801E6CA0	R_PPC_REL24	4	
left	780	bl fn_80027730	R_PPC_REL24	5	
left	784	bl fn_801F8620	R_PPC_REL24	10	
left	792	bl fn_801FA410	R_PPC_REL24	11	
left	796	lis r3, lbl_8063CD18@ha	R_PPC_ADDR16_HA	12	
left	800	lfs f1, lbl_8064DFF0@sda21	R_PPC_EMB_SDA21	13	
left	804	addi r3, r3, lbl_8063CD18@l	R_PPC_ADDR16_LO	12	
left	808	addi r3, r3, 0x550	R_PPC_NONE	12	1360
left	812	bl fn_801F7208	R_PPC_REL24	14	
left	816	lis r3, lbl_8063C6B8@ha	R_PPC_ADDR16_HA	15	
left	820	lfs f1, lbl_8064DFF0@sda21	R_PPC_EMB_SDA21	13	
left	824	addi r3, r3, lbl_8063C6B8@l	R_PPC_ADDR16_LO	15	
left	828	addi r3, r3, 0x550	R_PPC_NONE	15	1360
left	832	bl fn_801F7208	R_PPC_REL24	14	
left	840	lwz r3, lbl_8064C4E4@sda21	R_PPC_EMB_SDA21	6	
left	852	bl fn_801290D0	R_PPC_REL24	7	
left	860	lwz r3, lbl_8064C4E4@sda21	R_PPC_EMB_SDA21	6	
left	864	bl fn_80128F74	R_PPC_REL24	8	
left	872	bl fn_801A5C30	R_PPC_REL24	9	
left	876	lwz r0, 0x40(r31)	R_PPC_NONE	2	64
left	880	lis r3, lbl_80300368@ha	R_PPC_ADDR16_HA	2	
left	884	addi r4, r3, lbl_80300368@l	R_PPC_ADDR16_LO	2	
left	900	add r5, r4, r0	R_PPC_NONE	2	
left	908	lwz r6, 0x4(r5)	R_PPC_NONE	2	4
left	924	bl fn_8011E310	R_PPC_REL24	22	
left	936	bl fn_801A5C30	R_PPC_REL24	9	
left	940	bl fn_801F85A4	R_PPC_REL24	23	
left	944	lwz r0, 0x40(r31)	R_PPC_NONE	2	64
left	948	lis r3, lbl_80300368@ha	R_PPC_ADDR16_HA	2	
left	952	addi r3, r3, lbl_80300368@l	R_PPC_ADDR16_LO	2	
left	956	addi r26, r3, 0x18	R_PPC_NONE	2	24
left	964	lwzx r0, r26, r0	R_PPC_NONE	2	24
left	976	bl fn_801FA354	R_PPC_REL24	24	
left	980	lwz r0, 0x40(r31)	R_PPC_NONE	2	64
left	988	lwzx r0, r26, r0	R_PPC_NONE	2	24
left	1004	bl fn_80046D38	R_PPC_REL24	19	
left	1008	bl fn_80028B44	R_PPC_REL24	25	
left	1012	lwz r0, 0x40(r31)	R_PPC_NONE	2	64
left	1016	lis r3, lbl_80300368@ha	R_PPC_ADDR16_HA	2	
left	1020	addi r3, r3, lbl_80300368@l	R_PPC_ADDR16_LO	2	
left	1036	stwx r5, r3, r0	R_PPC_NONE	2	
left	1044	lwz r0, 0x40(r31)	R_PPC_NONE	2	64
left	1052	add r3, r3, r0	R_PPC_NONE	2	
left	1056	lwz r3, 0x4(r3)	R_PPC_NONE	2	4
left	1060	bl fn_8016B400	R_PPC_REL24	26	
left	1112	lwz r3, lbl_8064C4E4@sda21	R_PPC_EMB_SDA21	6	
left	1124	bl fn_801290D0	R_PPC_REL24	7	
left	1132	lwz r3, lbl_8064C4E4@sda21	R_PPC_EMB_SDA21	6	
left	1136	bl fn_80128F74	R_PPC_REL24	8	
left	1144	bl fn_801A5C30	R_PPC_REL24	9	
left	1160	bl fn_801F8620	R_PPC_REL24	10	
left	1168	bl fn_801FA410	R_PPC_REL24	11	
left	1172	lis r3, lbl_8063CD18@ha	R_PPC_ADDR16_HA	12	
left	1176	lfs f1, lbl_8064DFF0@sda21	R_PPC_EMB_SDA21	13	
left	1180	addi r3, r3, lbl_8063CD18@l	R_PPC_ADDR16_LO	12	
left	1184	addi r28, r3, 0x550	R_PPC_NONE	12	1360
left	1188	mr r3, r28	R_PPC_NONE	12	1360
left	1192	bl fn_801F7208	R_PPC_REL24	14	
left	1196	lis r3, lbl_8063C6B8@ha	R_PPC_ADDR16_HA	15	
left	1200	lfs f1, lbl_8064DFF0@sda21	R_PPC_EMB_SDA21	13	
left	1204	addi r3, r3, lbl_8063C6B8@l	R_PPC_ADDR16_LO	15	
left	1208	addi r3, r3, 0x550	R_PPC_NONE	15	1360
left	1212	bl fn_801F7208	R_PPC_REL24	14	
left	1216	lwz r0, 0x40(r31)	R_PPC_NONE	2	64
left	1220	lis r3, lbl_80300368@ha	R_PPC_ADDR16_HA	2	
left	1224	addi r4, r3, lbl_80300368@l	R_PPC_ADDR16_LO	2	
left	1228	lwz r3, lbl_8064C4E4@sda21	R_PPC_EMB_SDA21	6	
left	1236	addi r26, r4, 0x18	R_PPC_NONE	2	24
left	1240	addi r27, r4, 0x14	R_PPC_NONE	2	20
left	1244	lwzx r0, r26, r5	R_PPC_NONE	2	24
left	1248	lwzx r4, r27, r5	R_PPC_NONE	2	20
left	1256	bl fn_801FBEF0	R_PPC_REL24	16	
left	1268	lwz r0, 0x40(r31)	R_PPC_NONE	2	64
left	1280	lwzx r0, r26, r3	R_PPC_NONE	2	24
left	1288	stwx r0, r26, r3	R_PPC_NONE	2	24
left	1292	lwz r0, 0x40(r31)	R_PPC_NONE	2	64
left	1300	lwzx r0, r26, r3	R_PPC_NONE	2	24
left	1308	stwx r0, r26, r3	R_PPC_NONE	2	24
left	1312	lwz r0, 0x40(r31)	R_PPC_NONE	2	64
left	1320	lwzx r0, r26, r0	R_PPC_NONE	2	24
left	1336	bl fn_80046D38	R_PPC_REL24	19	
left	1340	lwz r0, 0x40(r31)	R_PPC_NONE	2	64
left	1352	lwzx r0, r26, r3	R_PPC_NONE	2	24
left	1356	lwzx r3, r27, r3	R_PPC_NONE	2	20
left	1364	bl fn_800289A4	R_PPC_REL24	20	
left	1376	lwz r0, 0x40(r31)	R_PPC_NONE	2	64
left	1388	lwzx r0, r26, r3	R_PPC_NONE	2	24
left	1396	stwx r0, r26, r3	R_PPC_NONE	2	24
left	1400	lwz r3, 0x40(r31)	R_PPC_NONE	2	64
left	1408	mr r4, r28	R_PPC_NONE	12	1360
left	1432	lwzx r0, r26, r3	R_PPC_NONE	2	24
left	1440	lwzx r3, r27, r3	R_PPC_NONE	2	20
left	1452	bl fn_801FA198	R_PPC_REL24	21	
left	1456	lwz r0, 0x40(r31)	R_PPC_NONE	2	64
left	1460	lis r3, lbl_80300368@ha	R_PPC_ADDR16_HA	2	
left	1464	addi r4, r3, lbl_80300368@l	R_PPC_ADDR16_LO	2	
left	1480	add r5, r4, r0	R_PPC_NONE	2	
left	1488	lwz r6, 0x4(r5)	R_PPC_NONE	2	4
left	1504	bl fn_8011E310	R_PPC_REL24	22	
left	1512	add r5, r4, r5	R_PPC_NONE	2	
left	1516	lwz r3, lbl_8064C500@sda21	R_PPC_EMB_SDA21	3	
left	1520	lwz r4, 0xc(r5)	R_PPC_NONE	2	12
left	1528	lwz r5, 0x10(r5)	R_PPC_NONE	2	16
left	1536	bl fn_801E6CA0	R_PPC_REL24	4	
left	1548	bl fn_80027730	R_PPC_REL24	5	
left	1552	bl fn_801F8620	R_PPC_REL24	10	
left	1560	bl fn_801FA410	R_PPC_REL24	11	
left	1564	lis r3, lbl_8063CD18@ha	R_PPC_ADDR16_HA	12	
left	1568	lfs f1, lbl_8064DFF0@sda21	R_PPC_EMB_SDA21	13	
left	1572	addi r3, r3, lbl_8063CD18@l	R_PPC_ADDR16_LO	12	
left	1576	addi r3, r3, 0x550	R_PPC_NONE	12	1360
left	1580	bl fn_801F7208	R_PPC_REL24	14	
left	1584	lis r3, lbl_8063C6B8@ha	R_PPC_ADDR16_HA	15	
left	1588	lfs f1, lbl_8064DFF0@sda21	R_PPC_EMB_SDA21	13	
left	1592	addi r3, r3, lbl_8063C6B8@l	R_PPC_ADDR16_LO	15	
left	1596	addi r3, r3, 0x550	R_PPC_NONE	15	1360
left	1600	bl fn_801F7208	R_PPC_REL24	14	
left	1608	lwz r3, lbl_8064C4E4@sda21	R_PPC_EMB_SDA21	6	
left	1620	bl fn_801290D0	R_PPC_REL24	7	
left	1628	lwz r3, lbl_8064C4E4@sda21	R_PPC_EMB_SDA21	6	
left	1632	bl fn_80128F74	R_PPC_REL24	8	
left	1640	bl fn_801A5C30	R_PPC_REL24	9	
left	1644	lwz r0, 0x40(r31)	R_PPC_NONE	2	64
left	1648	lis r3, lbl_80300368@ha	R_PPC_ADDR16_HA	2	
left	1652	addi r4, r3, lbl_80300368@l	R_PPC_ADDR16_LO	2	
left	1668	add r5, r4, r0	R_PPC_NONE	2	
left	1676	lwz r6, 0x4(r5)	R_PPC_NONE	2	4
left	1692	bl fn_8011E310	R_PPC_REL24	22	
left	1700	addi r27, r4, 0x1c	R_PPC_NONE	2	28
left	1704	lwzx r3, r27, r5	R_PPC_NONE	2	28
left	1708	bl fn_80201814	R_PPC_REL24	27	
left	1712	bl fn_80201C24	R_PPC_REL24	28	
left	1720	bl fn_80157BC4	R_PPC_REL24	29	
left	1736	bl fn_80157BF4	R_PPC_REL24	30	
left	1740	lwz r0, 0x40(r31)	R_PPC_NONE	2	64
left	1752	lwzx r3, r27, r0	R_PPC_NONE	2	28
left	1756	bl fn_80201814	R_PPC_REL24	27	
left	1768	bl fn_80201B44	R_PPC_REL24	31	
left	1784	bl fn_80205680	R_PPC_REL24	32	
left	1792	bl fn_8015821C	R_PPC_REL24	33	
left	1804	lwz r3, lbl_8064C4E0@sda21	R_PPC_EMB_SDA21	34	
left	1812	bl fn_801E79FC	R_PPC_REL24	35	
left	1856	bl fn_801B05E8	R_PPC_REL24	36	
left	1860	bl fn_80201B44	R_PPC_REL24	31	
left	1868	lwz r3, lbl_8064C504@sda21	R_PPC_EMB_SDA21	37	
left	1892	bl fn_801E6CA0	R_PPC_REL24	4	
left	1896	lwz r0, 0x40(r31)	R_PPC_NONE	2	64
left	1920	lwzx r6, r27, r0	R_PPC_NONE	2	28
left	1928	bl fn_80027948	R_PPC_REL24	38	
left	1936	lwz r3, lbl_8064C4E4@sda21	R_PPC_EMB_SDA21	6	
left	1948	bl fn_801290D0	R_PPC_REL24	7	
left	1956	lwz r3, lbl_8064C4E4@sda21	R_PPC_EMB_SDA21	6	
left	1960	bl fn_80128F74	R_PPC_REL24	8	
left	1964	bl fn_801F85A4	R_PPC_REL24	23	
left	1968	lwz r0, 0x40(r31)	R_PPC_NONE	2	64
left	1972	lis r3, lbl_80300368@ha	R_PPC_ADDR16_HA	2	
left	1976	addi r3, r3, lbl_80300368@l	R_PPC_ADDR16_LO	2	
left	1980	addi r26, r3, 0x18	R_PPC_NONE	2	24
left	1988	lwzx r0, r26, r0	R_PPC_NONE	2	24
left	2000	bl fn_801FA354	R_PPC_REL24	24	
left	2004	lwz r0, 0x40(r31)	R_PPC_NONE	2	64
left	2012	lwzx r0, r26, r0	R_PPC_NONE	2	24
left	2028	bl fn_80046D38	R_PPC_REL24	19	
left	2032	bl fn_80028B44	R_PPC_REL24	25	
left	2036	lwz r0, 0x40(r31)	R_PPC_NONE	2	64
left	2040	lis r3, lbl_80300368@ha	R_PPC_ADDR16_HA	2	
left	2044	addi r3, r3, lbl_80300368@l	R_PPC_ADDR16_LO	2	
left	2060	stwx r5, r3, r0	R_PPC_NONE	2	
left	2068	lwz r0, 0x40(r31)	R_PPC_NONE	2	64
left	2076	add r3, r3, r0	R_PPC_NONE	2	
left	2080	lwz r3, 0x4(r3)	R_PPC_NONE	2	4
left	2084	bl fn_8016B400	R_PPC_REL24	26	
right	8	lis r3, lbl_80300368@ha	R_PPC_ADDR16_HA	2	
right	20	addi r31, r3, lbl_80300368@l	R_PPC_ADDR16_LO	2	
right	24	addi r26, r31, 0x8	R_PPC_NONE	2	8
right	32	lwz r0, 0x40(r31)	R_PPC_NONE	2	64
right	44	lwzx r7, r26, r6	R_PPC_NONE	2	8
right	56	lwzx r5, r26, r6	R_PPC_NONE	2	8
right	60	lis r3, lbl_80300368@ha	R_PPC_ADDR16_HA	2	
right	64	lwz r0, 0x40(r31)	R_PPC_NONE	2	64
right	68	addi r4, r3, lbl_80300368@l	R_PPC_ADDR16_LO	2	
right	76	stwx r3, r26, r6	R_PPC_NONE	2	8
right	88	lwzx r0, r4, r5	R_PPC_NONE	2	
right	132	lwz r3, lbl_8064C500@sda21	R_PPC_EMB_SDA21	3	
right	136	stwx r0, r4, r5	R_PPC_NONE	2	
right	148	lwz r0, 0x40(r31)	R_PPC_NONE	2	64
right	156	add r5, r4, r26	R_PPC_NONE	2	
right	160	lwz r4, 0xc(r5)	R_PPC_NONE	2	12
right	164	lwz r5, 0x10(r5)	R_PPC_NONE	2	16
right	168	bl fn_801E6CA0	R_PPC_REL24	11	
right	172	lis r4, lbl_80300368@ha	R_PPC_ADDR16_HA	2	
right	180	addi r0, r4, lbl_80300368@l	R_PPC_ADDR16_LO	2	
right	184	add r4, r0, r26	R_PPC_NONE	2	
right	188	lwz r4, 0x4(r4)	R_PPC_NONE	2	4
right	192	bl fn_80027730	R_PPC_REL24	12	
right	240	lwz r3, lbl_8064C4E4@sda21	R_PPC_EMB_SDA21	4	
right	252	bl fn_801290D0	R_PPC_REL24	13	
right	260	lwz r3, lbl_8064C4E4@sda21	R_PPC_EMB_SDA21	4	
right	264	bl fn_80128F74	R_PPC_REL24	14	
right	272	bl fn_801A5C30	R_PPC_REL24	15	
right	276	lis r3, lbl_8063CD18@ha	R_PPC_ADDR16_HA	5	
right	280	addi r3, r3, lbl_8063CD18@l	R_PPC_ADDR16_LO	5	
right	284	addi r29, r3, 0x550	R_PPC_NONE	5	1360
right	288	bl fn_801F8620	R_PPC_REL24	16	
right	296	bl fn_801FA410	R_PPC_REL24	17	
right	304	lfs f1, lbl_8064DFF0@sda21	R_PPC_EMB_SDA21	6	
right	316	mr r3, r29	R_PPC_NONE	5	1360
right	320	bl fn_801F7208	R_PPC_REL24	18	
right	324	lis r3, lbl_8063C6B8@ha	R_PPC_ADDR16_HA	7	
right	328	lfs f1, lbl_8064DFF0@sda21	R_PPC_EMB_SDA21	6	
right	332	addi r3, r3, lbl_8063C6B8@l	R_PPC_ADDR16_LO	7	
right	336	addi r3, r3, 0x550	R_PPC_NONE	7	1360
right	340	bl fn_801F7208	R_PPC_REL24	18	
right	344	lwz r0, 0x40(r31)	R_PPC_NONE	2	64
right	348	lis r3, lbl_80300368@ha	R_PPC_ADDR16_HA	2	
right	352	addi r4, r3, lbl_80300368@l	R_PPC_ADDR16_LO	2	
right	356	lwz r3, lbl_8064C4E4@sda21	R_PPC_EMB_SDA21	4	
right	364	addi r28, r4, 0x18	R_PPC_NONE	2	24
right	368	addi r27, r4, 0x14	R_PPC_NONE	2	20
right	372	lwzx r0, r28, r5	R_PPC_NONE	2	24
right	376	lwzx r4, r27, r5	R_PPC_NONE	2	20
right	384	bl fn_801FBEF0	R_PPC_REL24	19	
right	396	lwz r0, 0x40(r31)	R_PPC_NONE	2	64
right	400	lwz r3, lbl_8064C4E4@sda21	R_PPC_EMB_SDA21	4	
right	408	lfs f1, lbl_8064DFF4@sda21	R_PPC_EMB_SDA21	8	
right	412	lwzx r0, r28, r4	R_PPC_NONE	2	24
right	416	lwzx r4, r27, r4	R_PPC_NONE	2	20
right	424	bl fn_801FC034	R_PPC_REL24	20	
right	436	lwz r3, 0x40(r31)	R_PPC_NONE	2	64
right	448	lwzx r3, r28, r4	R_PPC_NONE	2	24
right	456	stwx r3, r28, r4	R_PPC_NONE	2	24
right	468	lwzx r3, r28, r4	R_PPC_NONE	2	24
right	476	stwx r0, r28, r4	R_PPC_NONE	2	24
right	480	lwz r0, 0x40(r31)	R_PPC_NONE	2	64
right	488	lwzx r0, r28, r0	R_PPC_NONE	2	24
right	504	bl fn_80046D38	R_PPC_REL24	21	
right	508	lwz r0, 0x40(r31)	R_PPC_NONE	2	64
right	520	lwzx r0, r28, r3	R_PPC_NONE	2	24
right	524	lwzx r3, r27, r3	R_PPC_NONE	2	20
right	532	bl fn_800289A4	R_PPC_REL24	22	
right	544	lwz r3, 0x40(r31)	R_PPC_NONE	2	64
right	556	lwzx r3, r28, r4	R_PPC_NONE	2	24
right	564	stwx r0, r28, r4	R_PPC_NONE	2	24
right	568	lwz r3, 0x40(r31)	R_PPC_NONE	2	64
right	576	mr r4, r29	R_PPC_NONE	5	1360
right	600	lwzx r0, r28, r3	R_PPC_NONE	2	24
right	608	lwzx r3, r27, r3	R_PPC_NONE	2	20
right	620	bl fn_801FA198	R_PPC_REL24	23	
right	624	lwz r0, 0x40(r31)	R_PPC_NONE	2	64
right	628	lis r3, lbl_80300368@ha	R_PPC_ADDR16_HA	2	
right	632	addi r3, r3, lbl_80300368@l	R_PPC_ADDR16_LO	2	
right	640	add r3, r3, r0	R_PPC_NONE	2	
right	644	lwz r0, 0x10(r3)	R_PPC_NONE	2	16
right	656	lwz r6, 0x4(r3)	R_PPC_NONE	2	4
right	684	bl fn_8011E310	R_PPC_REL24	24	
right	688	lwz r0, 0x40(r31)	R_PPC_NONE	2	64
right	700	stwx r3, r26, r0	R_PPC_NONE	2	8
right	708	lwz r6, 0x4(r3)	R_PPC_NONE	2	4
right	736	bl fn_8011E310	R_PPC_REL24	24	
right	744	add r5, r4, r5	R_PPC_NONE	2	
right	748	lwz r3, lbl_8064C500@sda21	R_PPC_EMB_SDA21	3	
right	752	lwz r4, 0xc(r5)	R_PPC_NONE	2	12
right	760	lwz r5, 0x10(r5)	R_PPC_NONE	2	16
right	768	bl fn_801E6CA0	R_PPC_REL24	11	
right	780	bl fn_80027730	R_PPC_REL24	12	
right	784	bl fn_801F8620	R_PPC_REL24	16	
right	792	bl fn_801FA410	R_PPC_REL24	17	
right	796	lis r3, lbl_8063CD18@ha	R_PPC_ADDR16_HA	5	
right	800	lfs f1, lbl_8064DFF0@sda21	R_PPC_EMB_SDA21	6	
right	804	addi r3, r3, lbl_8063CD18@l	R_PPC_ADDR16_LO	5	
right	808	addi r3, r3, 0x550	R_PPC_NONE	5	1360
right	812	bl fn_801F7208	R_PPC_REL24	18	
right	816	lis r3, lbl_8063C6B8@ha	R_PPC_ADDR16_HA	7	
right	820	lfs f1, lbl_8064DFF0@sda21	R_PPC_EMB_SDA21	6	
right	824	addi r3, r3, lbl_8063C6B8@l	R_PPC_ADDR16_LO	7	
right	828	addi r3, r3, 0x550	R_PPC_NONE	7	1360
right	832	bl fn_801F7208	R_PPC_REL24	18	
right	840	lwz r3, lbl_8064C4E4@sda21	R_PPC_EMB_SDA21	4	
right	852	bl fn_801290D0	R_PPC_REL24	13	
right	860	lwz r3, lbl_8064C4E4@sda21	R_PPC_EMB_SDA21	4	
right	864	bl fn_80128F74	R_PPC_REL24	14	
right	872	bl fn_801A5C30	R_PPC_REL24	15	
right	876	lwz r0, 0x40(r31)	R_PPC_NONE	2	64
right	880	lis r3, lbl_80300368@ha	R_PPC_ADDR16_HA	2	
right	884	addi r4, r3, lbl_80300368@l	R_PPC_ADDR16_LO	2	
right	900	add r5, r4, r0	R_PPC_NONE	2	
right	908	lwz r6, 0x4(r5)	R_PPC_NONE	2	4
right	924	bl fn_8011E310	R_PPC_REL24	24	
right	936	bl fn_801A5C30	R_PPC_REL24	15	
right	940	bl fn_801F85A4	R_PPC_REL24	25	
right	944	lwz r0, 0x40(r31)	R_PPC_NONE	2	64
right	948	lis r3, lbl_80300368@ha	R_PPC_ADDR16_HA	2	
right	952	addi r3, r3, lbl_80300368@l	R_PPC_ADDR16_LO	2	
right	956	addi r26, r3, 0x18	R_PPC_NONE	2	24
right	964	lwzx r0, r26, r0	R_PPC_NONE	2	24
right	976	bl fn_801FA354	R_PPC_REL24	26	
right	980	lwz r0, 0x40(r31)	R_PPC_NONE	2	64
right	988	lwzx r0, r26, r0	R_PPC_NONE	2	24
right	1004	bl fn_80046D38	R_PPC_REL24	21	
right	1008	bl fn_80028B44	R_PPC_REL24	27	
right	1012	lwz r0, 0x40(r31)	R_PPC_NONE	2	64
right	1016	lis r3, lbl_80300368@ha	R_PPC_ADDR16_HA	2	
right	1020	addi r3, r3, lbl_80300368@l	R_PPC_ADDR16_LO	2	
right	1036	stwx r5, r3, r0	R_PPC_NONE	2	
right	1044	lwz r0, 0x40(r31)	R_PPC_NONE	2	64
right	1052	add r3, r3, r0	R_PPC_NONE	2	
right	1056	lwz r3, 0x4(r3)	R_PPC_NONE	2	4
right	1060	bl fn_8016B400	R_PPC_REL24	28	
right	1112	lwz r3, lbl_8064C4E4@sda21	R_PPC_EMB_SDA21	4	
right	1124	bl fn_801290D0	R_PPC_REL24	13	
right	1132	lwz r3, lbl_8064C4E4@sda21	R_PPC_EMB_SDA21	4	
right	1136	bl fn_80128F74	R_PPC_REL24	14	
right	1144	bl fn_801A5C30	R_PPC_REL24	15	
right	1148	lis r3, lbl_8063CD18@ha	R_PPC_ADDR16_HA	5	
right	1152	addi r3, r3, lbl_8063CD18@l	R_PPC_ADDR16_LO	5	
right	1156	addi r26, r3, 0x550	R_PPC_NONE	5	1360
right	1160	bl fn_801F8620	R_PPC_REL24	16	
right	1168	bl fn_801FA410	R_PPC_REL24	17	
right	1176	lfs f1, lbl_8064DFF0@sda21	R_PPC_EMB_SDA21	6	
right	1188	mr r3, r26	R_PPC_NONE	5	1360
right	1192	bl fn_801F7208	R_PPC_REL24	18	
right	1196	lis r3, lbl_8063C6B8@ha	R_PPC_ADDR16_HA	7	
right	1200	lfs f1, lbl_8064DFF0@sda21	R_PPC_EMB_SDA21	6	
right	1204	addi r3, r3, lbl_8063C6B8@l	R_PPC_ADDR16_LO	7	
right	1208	addi r3, r3, 0x550	R_PPC_NONE	7	1360
right	1212	bl fn_801F7208	R_PPC_REL24	18	
right	1216	lwz r0, 0x40(r31)	R_PPC_NONE	2	64
right	1220	lis r3, lbl_80300368@ha	R_PPC_ADDR16_HA	2	
right	1224	addi r4, r3, lbl_80300368@l	R_PPC_ADDR16_LO	2	
right	1228	lwz r3, lbl_8064C4E4@sda21	R_PPC_EMB_SDA21	4	
right	1236	addi r27, r4, 0x18	R_PPC_NONE	2	24
right	1240	addi r28, r4, 0x14	R_PPC_NONE	2	20
right	1244	lwzx r0, r27, r5	R_PPC_NONE	2	24
right	1248	lwzx r4, r28, r5	R_PPC_NONE	2	20
right	1256	bl fn_801FBEF0	R_PPC_REL24	19	
right	1268	lwz r3, 0x40(r31)	R_PPC_NONE	2	64
right	1280	lwzx r3, r27, r4	R_PPC_NONE	2	24
right	1288	stwx r3, r27, r4	R_PPC_NONE	2	24
right	1300	lwzx r3, r27, r4	R_PPC_NONE	2	24
right	1308	stwx r0, r27, r4	R_PPC_NONE	2	24
right	1312	lwz r0, 0x40(r31)	R_PPC_NONE	2	64
right	1320	lwzx r0, r27, r0	R_PPC_NONE	2	24
right	1336	bl fn_80046D38	R_PPC_REL24	21	
right	1340	lwz r0, 0x40(r31)	R_PPC_NONE	2	64
right	1352	lwzx r0, r27, r3	R_PPC_NONE	2	24
right	1356	lwzx r3, r28, r3	R_PPC_NONE	2	20
right	1364	bl fn_800289A4	R_PPC_REL24	22	
right	1376	lwz r3, 0x40(r31)	R_PPC_NONE	2	64
right	1388	lwzx r3, r27, r4	R_PPC_NONE	2	24
right	1396	stwx r0, r27, r4	R_PPC_NONE	2	24
right	1400	lwz r3, 0x40(r31)	R_PPC_NONE	2	64
right	1408	mr r4, r26	R_PPC_NONE	5	1360
right	1432	lwzx r0, r27, r3	R_PPC_NONE	2	24
right	1440	lwzx r3, r28, r3	R_PPC_NONE	2	20
right	1452	bl fn_801FA198	R_PPC_REL24	23	
right	1456	lwz r0, 0x40(r31)	R_PPC_NONE	2	64
right	1460	lis r3, lbl_80300368@ha	R_PPC_ADDR16_HA	2	
right	1464	addi r4, r3, lbl_80300368@l	R_PPC_ADDR16_LO	2	
right	1480	add r5, r4, r0	R_PPC_NONE	2	
right	1488	lwz r6, 0x4(r5)	R_PPC_NONE	2	4
right	1504	bl fn_8011E310	R_PPC_REL24	24	
right	1512	add r5, r4, r5	R_PPC_NONE	2	
right	1516	lwz r3, lbl_8064C500@sda21	R_PPC_EMB_SDA21	3	
right	1520	lwz r4, 0xc(r5)	R_PPC_NONE	2	12
right	1528	lwz r5, 0x10(r5)	R_PPC_NONE	2	16
right	1536	bl fn_801E6CA0	R_PPC_REL24	11	
right	1548	bl fn_80027730	R_PPC_REL24	12	
right	1552	bl fn_801F8620	R_PPC_REL24	16	
right	1560	bl fn_801FA410	R_PPC_REL24	17	
right	1564	lis r3, lbl_8063CD18@ha	R_PPC_ADDR16_HA	5	
right	1568	lfs f1, lbl_8064DFF0@sda21	R_PPC_EMB_SDA21	6	
right	1572	addi r3, r3, lbl_8063CD18@l	R_PPC_ADDR16_LO	5	
right	1576	addi r3, r3, 0x550	R_PPC_NONE	5	1360
right	1580	bl fn_801F7208	R_PPC_REL24	18	
right	1584	lis r3, lbl_8063C6B8@ha	R_PPC_ADDR16_HA	7	
right	1588	lfs f1, lbl_8064DFF0@sda21	R_PPC_EMB_SDA21	6	
right	1592	addi r3, r3, lbl_8063C6B8@l	R_PPC_ADDR16_LO	7	
right	1596	addi r3, r3, 0x550	R_PPC_NONE	7	1360
right	1600	bl fn_801F7208	R_PPC_REL24	18	
right	1608	lwz r3, lbl_8064C4E4@sda21	R_PPC_EMB_SDA21	4	
right	1620	bl fn_801290D0	R_PPC_REL24	13	
right	1628	lwz r3, lbl_8064C4E4@sda21	R_PPC_EMB_SDA21	4	
right	1632	bl fn_80128F74	R_PPC_REL24	14	
right	1640	bl fn_801A5C30	R_PPC_REL24	15	
right	1644	lwz r0, 0x40(r31)	R_PPC_NONE	2	64
right	1648	lis r3, lbl_80300368@ha	R_PPC_ADDR16_HA	2	
right	1652	addi r4, r3, lbl_80300368@l	R_PPC_ADDR16_LO	2	
right	1668	add r5, r4, r0	R_PPC_NONE	2	
right	1676	lwz r6, 0x4(r5)	R_PPC_NONE	2	4
right	1692	bl fn_8011E310	R_PPC_REL24	24	
right	1700	addi r26, r4, 0x1c	R_PPC_NONE	2	28
right	1704	lwzx r3, r26, r5	R_PPC_NONE	2	28
right	1708	bl fn_80201814	R_PPC_REL24	29	
right	1712	bl fn_80201C24	R_PPC_REL24	30	
right	1720	bl fn_80157BC4	R_PPC_REL24	31	
right	1736	bl fn_80157BF4	R_PPC_REL24	32	
right	1740	lwz r0, 0x40(r31)	R_PPC_NONE	2	64
right	1752	lwzx r3, r26, r0	R_PPC_NONE	2	28
right	1756	bl fn_80201814	R_PPC_REL24	29	
right	1768	bl fn_80201B44	R_PPC_REL24	33	
right	1784	bl fn_80205680	R_PPC_REL24	34	
right	1792	bl fn_8015821C	R_PPC_REL24	35	
right	1804	lwz r3, lbl_8064C4E0@sda21	R_PPC_EMB_SDA21	9	
right	1812	bl fn_801E79FC	R_PPC_REL24	36	
right	1856	bl fn_801B05E8	R_PPC_REL24	37	
right	1860	bl fn_80201B44	R_PPC_REL24	33	
right	1868	lwz r3, lbl_8064C504@sda21	R_PPC_EMB_SDA21	10	
right	1892	bl fn_801E6CA0	R_PPC_REL24	11	
right	1896	lwz r0, 0x40(r31)	R_PPC_NONE	2	64
right	1920	lwzx r6, r26, r0	R_PPC_NONE	2	28
right	1928	bl fn_80027948	R_PPC_REL24	38	
right	1936	lwz r3, lbl_8064C4E4@sda21	R_PPC_EMB_SDA21	4	
right	1948	bl fn_801290D0	R_PPC_REL24	13	
right	1956	lwz r3, lbl_8064C4E4@sda21	R_PPC_EMB_SDA21	4	
right	1960	bl fn_80128F74	R_PPC_REL24	14	
right	1964	bl fn_801F85A4	R_PPC_REL24	25	
right	1968	lwz r0, 0x40(r31)	R_PPC_NONE	2	64
right	1972	lis r3, lbl_80300368@ha	R_PPC_ADDR16_HA	2	
right	1976	addi r3, r3, lbl_80300368@l	R_PPC_ADDR16_LO	2	
right	1980	addi r26, r3, 0x18	R_PPC_NONE	2	24
right	1988	lwzx r0, r26, r0	R_PPC_NONE	2	24
right	2000	bl fn_801FA354	R_PPC_REL24	26	
right	2004	lwz r0, 0x40(r31)	R_PPC_NONE	2	64
right	2012	lwzx r0, r26, r0	R_PPC_NONE	2	24
right	2028	bl fn_80046D38	R_PPC_REL24	21	
right	2032	bl fn_80028B44	R_PPC_REL24	27	
right	2036	lwz r0, 0x40(r31)	R_PPC_NONE	2	64
right	2040	lis r3, lbl_80300368@ha	R_PPC_ADDR16_HA	2	
right	2044	addi r3, r3, lbl_80300368@l	R_PPC_ADDR16_LO	2	
right	2060	stwx r5, r3, r0	R_PPC_NONE	2	
right	2068	lwz r0, 0x40(r31)	R_PPC_NONE	2	64
right	2076	add r3, r3, r0	R_PPC_NONE	2	
right	2080	lwz r3, 0x4(r3)	R_PPC_NONE	2	4
right	2084	bl fn_8016B400	R_PPC_REL24	28	
