side	address	type	target_symbol	addend	instruction
retail	8	R_PPC_ADDR16_HA	lbl_8023A878	0	lis r5, lbl_8023A878@ha
retail	24	R_PPC_ADDR16_LO	lbl_8023A878	0	addi r4, r5, lbl_8023A878@l
retail	68	R_PPC_ADDR16_HA	lbl_8024F554	0	lis r4, lbl_8024F554@ha
retail	72	R_PPC_ADDR16_LO	lbl_8024F554	0	addi r4, r4, lbl_8024F554@l
retail	80	R_PPC_REL24	fn_80163BB4	0	bl fn_80163BB4
retail	88	R_PPC_ADDR16_HA	lbl_8024F578	0	lis r4, lbl_8024F578@ha
retail	92	R_PPC_ADDR16_LO	lbl_8024F578	0	addi r4, r4, lbl_8024F578@l
retail	100	R_PPC_REL24	fn_80163BB4	0	bl fn_80163BB4
candidate	8	R_PPC_ADDR16_HA	lbl_8023A878	0	lis r5, lbl_8023A878@ha
candidate	24	R_PPC_ADDR16_LO	lbl_8023A878	0	addi r4, r5, lbl_8023A878@l
candidate	68	R_PPC_ADDR16_HA	lbl_8024F554	0	lis r4, lbl_8024F554@ha
candidate	72	R_PPC_ADDR16_LO	lbl_8024F554	0	addi r4, r4, lbl_8024F554@l
candidate	80	R_PPC_REL24	fn_80163BB4	0	bl fn_80163BB4
candidate	88	R_PPC_ADDR16_HA	lbl_8024F578	0	lis r4, lbl_8024F578@ha
candidate	92	R_PPC_ADDR16_LO	lbl_8024F578	0	addi r4, r4, lbl_8024F578@l
candidate	100	R_PPC_REL24	fn_80163BB4	0	bl fn_80163BB4
